{
  "hit": {
    "sounds": [
      "hit1",
      "hit2",
      "hit3",
      "hit4",
      "hit5",
      "hit6"
    ],
    "category": "player"
  },
  "hitspeed": {
    "sounds": [
      "hitspeed1",
      "hitspeed2",
      "hitspeed3"
    ],
    "category": "player"
  },
  "phaseblack": {
    "sounds": [
      "phaseblack"
    ],
    "category": "player"
  },
  "chargelightning": {
    "sounds": [
      "chargelightning"
    ],
    "category": "player"
  },
  "dimtravel": {
    "sounds": [
      "dimtravel"
    ],
    "category": "player"
  },
  "roar": {
    "sounds": [
      "roar1",
      "null",
      "roar2",
      "null",
      "roar3"
    ],
    "category": "player"
  },
  "flash": {
    "sounds": [
      "flash1",
      "flash2",
      "flash3",
      "flash4",
      "flash5"
    ],
    "category": "player"
  },
  "zoom": {
    "sounds": [
      "zoom1",
      "zoom2",
      "zoom3"
    ],
    "category": "player"
  },
  "zoomrun": {
    "sounds": [
      "zoomrun1",
      "zoomrun2",
      "zoomrun3"
    ],
    "category": "player"
  },
  "zoomoff": {
    "sounds": [
      "zoomoff",
      "zoomoff2"
    ],
    "category": "player"
  },
  "reverserun": {
    "sounds": [
      "reverserun1",
      "reverserun2",
      "reverserun3"
    ],
    "category": "player"
  },
  "reverse": {
    "sounds": [
      "reverse1",
      "reverse2",
      "reverse3"
    ],
    "category": "player"
  },
  "reverseoff": {
    "sounds": [
      "reverseoff1",
      "reverseoff2"
    ],
    "category": "player"
  },
  "godspeed": {
    "sounds": [
      "godspeed1",
      "godspeed2"
    ],
    "category": "player"
  },
  "godspeedoff": {
    "sounds": [
      "godspeedoff",
      "zoomoff2"
    ],
    "category": "player"
  },
  "flashrun": {
    "sounds": [
      "flashrun1",
      "flashrun2",
      "flashrun3"
    ],
    "category": "player"
  },
  "flashoff": {
    "sounds": [
      "flashoff1",
      "flashoff2",
      "flashoff3"
    ],
    "category": "player"
  },
  "blackflash": {
    "sounds": [
      "blackflash1"
    ],
    "category": "player"
  },
  "blackflashruneffect": {
    "sounds": [
      "blackflashruneffect"
    ],
    "category": "player"
  },
  "blackflashrun": {
    "sounds": [
      "blackflashrun1",
      "blackflashrun2",
      "blackflashrun3"
    ],
    "category": "player"
  },
  "blackflashoff": {
    "sounds": [
      "blackflashoff1",
      "reverseoff2"
    ],
    "category": "player"
  },
  "handhit": {
    "sounds": [
      "handhit"
    ],
    "category": "player"
  },
  "handon": {
    "sounds": [
      "handon"
    ],
    "category": "player"
  },
  "handoff": {
    "sounds": [
      "handoff"
    ],
    "category": "player"
  },
  "phase": {
    "sounds": [
      "phase"
    ],
    "category": "player"
  },
  "phasereverse": {
    "sounds": [
      "phasereverse"
    ],
    "category": "player"
  }
}